order_id,product,city,price,date
0,Laptop,Mumbai,18175,2026-02-27 18:25:46.353174
1,Phone,Mumbai,23939,2026-03-07 18:25:46.353174
2,Tablet,Delhi,15462,2026-03-10 18:25:46.353174
3,Phone,Chennai,44017,2026-03-23 18:25:46.353174
4,Tablet,Mumbai,2809,2026-03-05 18:25:46.353174
5,Tablet,Chennai,33717,2026-03-09 18:25:46.353174
6,Phone,Delhi,44796,2026-03-19 18:25:46.353174
7,Laptop,Delhi,9891,2026-03-02 18:25:46.353174
8,Headphones,Mumbai,7020,2026-03-01 18:25:46.353174
9,Phone,Bangalore,47264,2026-03-14 18:25:46.353174
10,Headphones,Bangalore,17182,2026-03-18 18:25:46.353174
11,Phone,Delhi,2360,2026-03-10 18:25:46.353174
12,Laptop,Delhi,35551,2026-03-14 18:25:46.353174
13,Laptop,Mumbai,12995,2026-03-11 18:25:46.353174
14,Headphones,Delhi,27622,2026-03-10 18:25:46.353174
15,Tablet,Bangalore,29682,2026-03-18 18:25:46.353174
16,Laptop,Chennai,14359,2026-03-07 18:25:46.353174
17,Tablet,Bangalore,42884,2026-03-23 18:25:46.353174
18,Tablet,Mumbai,8567,2026-03-13 18:25:46.353174
19,Phone,Delhi,2674,2026-03-17 18:25:46.353174
20,Tablet,Chennai,49964,2026-02-26 18:25:46.353174
21,Laptop,Bangalore,9907,2026-03-06 18:25:46.353174
22,Laptop,Bangalore,35673,2026-03-24 18:25:46.353174
23,Laptop,Mumbai,32742,2026-03-24 18:25:46.353174
24,Laptop,Mumbai,36580,2026-02-27 18:25:46.353174
25,Headphones,Chennai,23556,2026-03-22 18:25:46.353174
26,Laptop,Mumbai,14746,2026-03-02 18:25:46.353174
27,Laptop,Mumbai,42411,2026-03-01 18:25:46.353174
28,Phone,Delhi,46760,2026-03-22 18:25:46.353174
29,Tablet,Bangalore,21860,2026-03-23 18:25:46.353174
30,Headphones,Bangalore,24474,2026-03-05 18:25:46.353174
31,Laptop,Mumbai,21523,2026-03-13 18:25:46.353174
32,Tablet,Bangalore,2071,2026-03-06 18:25:46.353174
33,Laptop,Bangalore,20441,2026-03-11 18:25:46.353174
34,Headphones,Bangalore,31498,2026-03-10 18:25:46.353174
35,Laptop,Bangalore,45588,2026-03-19 18:25:46.353174
36,Tablet,Chennai,46057,2026-03-20 18:25:46.353174
37,Tablet,Bangalore,49857,2026-02-24 18:25:46.353174
38,Headphones,Delhi,2195,2026-03-05 18:25:46.353174
39,Tablet,Mumbai,15665,2026-03-01 18:25:46.353174
40,Tablet,Delhi,25202,2026-03-02 18:25:46.354172
41,Laptop,Delhi,47908,2026-03-01 18:25:46.354172
42,Tablet,Delhi,4601,2026-03-19 18:25:46.354172
43,Laptop,Mumbai,30712,2026-02-26 18:25:46.354172
44,Headphones,Chennai,40676,2026-02-25 18:25:46.354172
45,Headphones,Mumbai,31150,2026-03-20 18:25:46.354172
46,Laptop,Delhi,13933,2026-03-05 18:25:46.354172
47,Tablet,Mumbai,20550,2026-02-23 18:25:46.354172
48,Laptop,Bangalore,34023,2026-02-22 18:25:46.354172
49,Tablet,Delhi,26482,2026-02-22 18:25:46.354172
50,Laptop,Bangalore,8489,2026-03-02 18:25:46.354172
51,Laptop,Delhi,47735,2026-03-10 18:25:46.354172
52,Phone,Bangalore,33283,2026-03-08 18:25:46.354172
53,Headphones,Mumbai,34163,2026-03-19 18:25:46.354172
54,Tablet,Mumbai,20207,2026-03-14 18:25:46.354172
55,Headphones,Delhi,2163,2026-03-02 18:25:46.354172
56,Tablet,Mumbai,39980,2026-02-28 18:25:46.354172
57,Headphones,Mumbai,36630,2026-02-26 18:25:46.354172
58,Phone,Bangalore,15623,2026-03-23 18:25:46.354172
59,Phone,Chennai,21980,2026-03-16 18:25:46.354172
60,Headphones,Bangalore,43713,2026-03-16 18:25:46.354172
61,Phone,Bangalore,3566,2026-02-23 18:25:46.354172
62,Laptop,Chennai,44075,2026-03-12 18:25:46.354172
63,Headphones,Chennai,22413,2026-02-24 18:25:46.354172
64,Tablet,Bangalore,26976,2026-03-18 18:25:46.354172
65,Headphones,Delhi,11690,2026-03-02 18:25:46.354172
66,Laptop,Chennai,23756,2026-03-03 18:25:46.354172
67,Tablet,Bangalore,33059,2026-03-14 18:25:46.354172
68,Laptop,Chennai,24520,2026-02-26 18:25:46.354172
69,Laptop,Delhi,17471,2026-02-25 18:25:46.354172
70,Tablet,Delhi,40773,2026-03-03 18:25:46.354172
71,Phone,Delhi,9058,2026-03-19 18:25:46.354172
72,Tablet,Mumbai,30427,2026-03-05 18:25:46.354172
73,Laptop,Chennai,16190,2026-03-06 18:25:46.354172
74,Headphones,Delhi,14683,2026-03-08 18:25:46.354172
75,Headphones,Bangalore,44968,2026-03-10 18:25:46.354172
76,Phone,Mumbai,44135,2026-03-05 18:25:46.354172
77,Headphones,Chennai,48757,2026-03-17 18:25:46.354172
78,Phone,Chennai,39631,2026-03-23 18:25:46.354172
79,Laptop,Chennai,14035,2026-03-24 18:25:46.354172
80,Laptop,Delhi,6556,2026-03-16 18:25:46.354172
81,Laptop,Bangalore,3485,2026-03-14 18:25:46.354172
82,Laptop,Mumbai,22294,2026-03-23 18:25:46.354172
83,Phone,Bangalore,7418,2026-03-11 18:25:46.354172
84,Phone,Delhi,17171,2026-03-21 18:25:46.354172
85,Laptop,Delhi,14767,2026-03-01 18:25:46.354172
86,Phone,Delhi,12131,2026-03-19 18:25:46.354172
87,Headphones,Bangalore,41987,2026-03-24 18:25:46.354172
88,Headphones,Delhi,49465,2026-03-23 18:25:46.354172
89,Headphones,Bangalore,10536,2026-03-01 18:25:46.354172
90,Headphones,Bangalore,44659,2026-03-22 18:25:46.354172
91,Headphones,Mumbai,25575,2026-03-12 18:25:46.355169
92,Laptop,Delhi,4143,2026-03-23 18:25:46.355169
93,Laptop,Bangalore,39977,2026-03-14 18:25:46.355169
94,Phone,Chennai,36768,2026-03-02 18:25:46.355169
95,Headphones,Chennai,42511,2026-03-01 18:25:46.355169
96,Phone,Bangalore,25275,2026-03-09 18:25:46.355169
97,Tablet,Delhi,25863,2026-02-25 18:25:46.355169
98,Phone,Delhi,12984,2026-03-15 18:25:46.355169
99,Tablet,Delhi,30405,2026-03-14 18:25:46.355169
100,Headphones,Chennai,18196,2026-03-24 18:25:46.355169
101,Headphones,Mumbai,13834,2026-03-09 18:25:46.355169
102,Phone,Mumbai,15492,2026-03-06 18:25:46.355169
103,Headphones,Delhi,42382,2026-03-02 18:25:46.355169
104,Tablet,Delhi,27956,2026-03-01 18:25:46.355169
105,Laptop,Chennai,14260,2026-03-01 18:25:46.355169
106,Phone,Delhi,14497,2026-03-06 18:25:46.355169
107,Phone,Chennai,7560,2026-03-05 18:25:46.355169
108,Headphones,Delhi,48393,2026-03-04 18:25:46.355169
109,Tablet,Delhi,25862,2026-03-18 18:25:46.355169
110,Laptop,Chennai,11692,2026-03-18 18:25:46.355169
111,Headphones,Bangalore,46628,2026-03-05 18:25:46.355169
112,Headphones,Chennai,3112,2026-03-02 18:25:46.355169
113,Phone,Mumbai,18594,2026-02-23 18:25:46.355169
114,Phone,Chennai,18399,2026-03-22 18:25:46.355169
115,Phone,Mumbai,44814,2026-03-15 18:25:46.355169
116,Tablet,Bangalore,43841,2026-03-22 18:25:46.355169
117,Laptop,Chennai,23207,2026-02-25 18:25:46.355169
118,Laptop,Chennai,49092,2026-02-26 18:25:46.355169
119,Headphones,Chennai,49836,2026-03-22 18:25:46.355169
120,Tablet,Delhi,4727,2026-03-19 18:25:46.355169
121,Laptop,Bangalore,18992,2026-02-24 18:25:46.355169
122,Phone,Chennai,48863,2026-03-06 18:25:46.355169
123,Laptop,Mumbai,34522,2026-02-28 18:25:46.355169
124,Phone,Chennai,5780,2026-03-24 18:25:46.355169
125,Tablet,Mumbai,5744,2026-03-20 18:25:46.355169
126,Tablet,Bangalore,19875,2026-03-16 18:25:46.355169
127,Headphones,Mumbai,46215,2026-03-17 18:25:46.355169
128,Phone,Mumbai,26052,2026-02-26 18:25:46.355169
129,Laptop,Bangalore,33385,2026-03-18 18:25:46.355169
130,Laptop,Bangalore,23927,2026-03-20 18:25:46.355169
131,Laptop,Delhi,24614,2026-03-03 18:25:46.355169
132,Headphones,Bangalore,2487,2026-03-24 18:25:46.355169
133,Phone,Bangalore,40350,2026-03-14 18:25:46.355169
134,Laptop,Delhi,7584,2026-02-22 18:25:46.355169
135,Phone,Delhi,20450,2026-03-05 18:25:46.355169
136,Tablet,Bangalore,27322,2026-03-23 18:25:46.355169
137,Laptop,Chennai,22743,2026-03-07 18:25:46.355169
138,Laptop,Mumbai,27241,2026-03-20 18:25:46.355169
139,Laptop,Chennai,38021,2026-02-27 18:25:46.355169
140,Phone,Bangalore,9551,2026-03-20 18:25:46.355169
141,Headphones,Bangalore,44333,2026-02-23 18:25:46.355169
142,Laptop,Delhi,26504,2026-02-24 18:25:46.356170
143,Laptop,Mumbai,10540,2026-03-17 18:25:46.356170
144,Phone,Bangalore,40310,2026-02-24 18:25:46.356170
145,Laptop,Chennai,19866,2026-02-23 18:25:46.356170
146,Headphones,Mumbai,37385,2026-03-05 18:25:46.356170
147,Laptop,Chennai,46249,2026-03-01 18:25:46.356170
148,Headphones,Delhi,33772,2026-03-21 18:25:46.356170
149,Laptop,Delhi,33255,2026-03-12 18:25:46.356170
150,Headphones,Bangalore,1680,2026-03-07 18:25:46.356170
151,Laptop,Chennai,26879,2026-03-06 18:25:46.356170
152,Headphones,Mumbai,11306,2026-03-08 18:25:46.356170
153,Laptop,Mumbai,6298,2026-03-16 18:25:46.356170
154,Headphones,Chennai,44573,2026-03-10 18:25:46.356170
155,Laptop,Delhi,46172,2026-03-20 18:25:46.356170
156,Tablet,Chennai,35137,2026-02-27 18:25:46.356170
157,Phone,Delhi,1021,2026-03-13 18:25:46.356170
158,Phone,Bangalore,44199,2026-03-21 18:25:46.356170
159,Phone,Delhi,19078,2026-02-25 18:25:46.356170
160,Laptop,Chennai,39707,2026-02-27 18:25:46.356170
161,Tablet,Mumbai,25525,2026-03-14 18:25:46.356170
162,Tablet,Chennai,35669,2026-02-23 18:25:46.356170
163,Laptop,Delhi,10769,2026-03-02 18:25:46.356170
164,Headphones,Chennai,12979,2026-03-24 18:25:46.356170
165,Laptop,Bangalore,8536,2026-03-18 18:25:46.356170
166,Phone,Chennai,3999,2026-03-09 18:25:46.356170
167,Headphones,Mumbai,8918,2026-03-04 18:25:46.356170
168,Phone,Bangalore,16081,2026-03-03 18:25:46.356170
169,Laptop,Bangalore,46544,2026-03-03 18:25:46.356170
170,Tablet,Bangalore,47796,2026-03-20 18:25:46.356170
171,Laptop,Mumbai,11591,2026-03-02 18:25:46.356170
172,Headphones,Chennai,34944,2026-02-23 18:25:46.356170
173,Headphones,Delhi,7252,2026-03-17 18:25:46.356170
174,Phone,Chennai,15071,2026-02-25 18:25:46.356170
175,Phone,Delhi,7228,2026-03-23 18:25:46.356170
176,Phone,Chennai,42523,2026-03-21 18:25:46.356170
177,Laptop,Delhi,5039,2026-03-24 18:25:46.356170
178,Headphones,Chennai,49643,2026-03-07 18:25:46.356170
179,Laptop,Chennai,27790,2026-03-05 18:25:46.356170
180,Headphones,Mumbai,29710,2026-03-19 18:25:46.356170
181,Tablet,Bangalore,17525,2026-02-26 18:25:46.356170
182,Headphones,Bangalore,21069,2026-02-25 18:25:46.356170
183,Laptop,Mumbai,9894,2026-03-04 18:25:46.356170
184,Laptop,Chennai,26115,2026-02-22 18:25:46.356170
185,Phone,Mumbai,33703,2026-03-23 18:25:46.356170
186,Headphones,Mumbai,16465,2026-03-23 18:25:46.356170
187,Phone,Delhi,37737,2026-03-12 18:25:46.356170
188,Tablet,Delhi,27052,2026-03-16 18:25:46.356170
189,Laptop,Bangalore,16406,2026-03-21 18:25:46.357169
190,Tablet,Chennai,43740,2026-03-21 18:25:46.357169
191,Headphones,Bangalore,29612,2026-03-13 18:25:46.357169
192,Phone,Chennai,17826,2026-02-26 18:25:46.357169
193,Laptop,Chennai,27426,2026-02-22 18:25:46.357169
194,Phone,Chennai,39738,2026-03-08 18:25:46.357169
195,Headphones,Chennai,18082,2026-03-04 18:25:46.357169
196,Tablet,Mumbai,13404,2026-02-25 18:25:46.357169
197,Headphones,Delhi,18317,2026-03-05 18:25:46.357169
198,Laptop,Mumbai,37252,2026-03-20 18:25:46.357169
199,Phone,Chennai,5291,2026-03-10 18:25:46.357169
200,Tablet,Mumbai,42287,2026-02-26 18:25:46.357169
201,Headphones,Delhi,47539,2026-03-03 18:25:46.357169
202,Tablet,Chennai,40479,2026-02-25 18:25:46.357169
203,Phone,Bangalore,43224,2026-03-02 18:25:46.357169
204,Headphones,Mumbai,31060,2026-03-19 18:25:46.357169
205,Tablet,Delhi,11456,2026-03-11 18:25:46.357169
206,Tablet,Bangalore,48354,2026-03-11 18:25:46.357169
207,Laptop,Chennai,42868,2026-03-03 18:25:46.357169
208,Tablet,Chennai,38112,2026-02-27 18:25:46.357169
209,Laptop,Bangalore,5206,2026-03-20 18:25:46.357169
210,Laptop,Chennai,46044,2026-03-18 18:25:46.357169
211,Tablet,Chennai,4826,2026-03-02 18:25:46.357169
212,Laptop,Mumbai,21795,2026-02-27 18:25:46.357169
213,Tablet,Mumbai,40386,2026-03-16 18:25:46.357169
214,Headphones,Chennai,14496,2026-03-09 18:25:46.357169
215,Tablet,Chennai,5214,2026-03-17 18:25:46.357169
216,Headphones,Delhi,37050,2026-03-21 18:25:46.357169
217,Phone,Delhi,22170,2026-03-20 18:25:46.357169
218,Tablet,Delhi,12580,2026-03-18 18:25:46.357169
219,Headphones,Bangalore,33944,2026-03-12 18:25:46.357169
220,Headphones,Chennai,25835,2026-02-25 18:25:46.357169
221,Laptop,Bangalore,29688,2026-03-04 18:25:46.357169
222,Tablet,Delhi,39470,2026-03-22 18:25:46.357169
223,Headphones,Mumbai,5079,2026-02-22 18:25:46.357169
224,Phone,Bangalore,6619,2026-02-27 18:25:46.357169
225,Headphones,Chennai,19715,2026-02-22 18:25:46.357169
226,Laptop,Bangalore,17106,2026-03-09 18:25:46.357169
227,Headphones,Mumbai,31703,2026-02-25 18:25:46.357169
228,Tablet,Bangalore,27400,2026-03-21 18:25:46.357169
229,Phone,Chennai,8216,2026-03-13 18:25:46.357169
230,Tablet,Chennai,4110,2026-03-02 18:25:46.357169
231,Headphones,Bangalore,39398,2026-03-20 18:25:46.357169
232,Headphones,Delhi,22310,2026-02-26 18:25:46.357169
233,Laptop,Mumbai,6071,2026-02-28 18:25:46.357169
234,Tablet,Bangalore,9077,2026-03-13 18:25:46.357169
235,Phone,Chennai,6068,2026-02-23 18:25:46.357169
236,Headphones,Delhi,29121,2026-02-26 18:25:46.357169
237,Phone,Bangalore,45955,2026-03-22 18:25:46.357169
238,Laptop,Chennai,18385,2026-02-23 18:25:46.357169
239,Tablet,Mumbai,32784,2026-03-03 18:25:46.357169
240,Phone,Mumbai,31990,2026-03-24 18:25:46.357169
241,Phone,Chennai,48794,2026-03-06 18:25:46.358168
242,Phone,Chennai,9274,2026-02-28 18:25:46.358168
243,Laptop,Chennai,8239,2026-03-12 18:25:46.358168
244,Headphones,Delhi,34181,2026-02-22 18:25:46.358168
245,Laptop,Chennai,14506,2026-03-17 18:25:46.358168
246,Laptop,Mumbai,40140,2026-03-06 18:25:46.358168
247,Phone,Bangalore,6334,2026-03-18 18:25:46.358168
248,Tablet,Mumbai,35167,2026-03-22 18:25:46.358168
249,Headphones,Bangalore,43864,2026-02-24 18:25:46.358168
250,Headphones,Chennai,19933,2026-03-13 18:25:46.358168
251,Tablet,Bangalore,9059,2026-03-15 18:25:46.358168
252,Headphones,Mumbai,39077,2026-03-21 18:25:46.358168
253,Laptop,Chennai,43217,2026-03-10 18:25:46.358168
254,Tablet,Delhi,8448,2026-03-15 18:25:46.358168
255,Tablet,Chennai,43926,2026-03-20 18:25:46.358168
256,Laptop,Mumbai,43899,2026-03-14 18:25:46.358168
257,Headphones,Chennai,49292,2026-03-16 18:25:46.358168
258,Laptop,Delhi,6657,2026-02-27 18:25:46.358168
259,Tablet,Chennai,28016,2026-03-20 18:25:46.358168
260,Phone,Chennai,39145,2026-03-21 18:25:46.358168
261,Tablet,Delhi,38139,2026-03-23 18:25:46.358168
262,Laptop,Bangalore,45083,2026-02-28 18:25:46.358168
263,Headphones,Delhi,45764,2026-03-02 18:25:46.358168
264,Laptop,Delhi,26308,2026-03-02 18:25:46.358168
265,Phone,Chennai,49444,2026-03-06 18:25:46.358168
266,Headphones,Mumbai,23839,2026-02-26 18:25:46.358168
267,Headphones,Mumbai,16364,2026-02-27 18:25:46.358168
268,Phone,Delhi,16744,2026-03-05 18:25:46.358168
269,Headphones,Delhi,6402,2026-03-06 18:25:46.358168
270,Headphones,Mumbai,49781,2026-03-20 18:25:46.358168
271,Phone,Bangalore,5950,2026-03-09 18:25:46.358168
272,Tablet,Delhi,39432,2026-02-22 18:25:46.358168
273,Headphones,Mumbai,43260,2026-03-19 18:25:46.358168
274,Tablet,Delhi,19916,2026-03-23 18:25:46.358168
275,Laptop,Bangalore,43403,2026-03-24 18:25:46.358168
276,Tablet,Mumbai,8321,2026-03-19 18:25:46.358168
277,Phone,Bangalore,20015,2026-03-24 18:25:46.358168
278,Laptop,Bangalore,42754,2026-02-23 18:25:46.358168
279,Phone,Mumbai,22382,2026-03-12 18:25:46.358168
280,Tablet,Mumbai,35162,2026-03-16 18:25:46.358168
281,Tablet,Delhi,11110,2026-03-24 18:25:46.358168
282,Headphones,Delhi,13459,2026-03-02 18:25:46.358168
283,Phone,Delhi,6047,2026-03-09 18:25:46.358168
284,Laptop,Chennai,38817,2026-03-12 18:25:46.358168
285,Headphones,Mumbai,42994,2026-03-07 18:25:46.358168
286,Tablet,Delhi,7632,2026-03-05 18:25:46.358168
287,Headphones,Bangalore,6240,2026-03-15 18:25:46.358168
288,Phone,Chennai,45153,2026-03-06 18:25:46.358168
289,Tablet,Chennai,10180,2026-03-18 18:25:46.359169
290,Laptop,Delhi,10656,2026-02-24 18:25:46.359169
291,Laptop,Delhi,3718,2026-02-23 18:25:46.359169
292,Laptop,Chennai,6384,2026-03-11 18:25:46.359169
293,Headphones,Bangalore,37606,2026-03-10 18:25:46.359169
294,Tablet,Delhi,13536,2026-02-27 18:25:46.359169
295,Tablet,Chennai,19472,2026-02-26 18:25:46.359169
296,Laptop,Chennai,30533,2026-03-09 18:25:46.359169
297,Phone,Delhi,24246,2026-03-04 18:25:46.359169
298,Headphones,Chennai,14776,2026-03-11 18:25:46.359169
299,Headphones,Mumbai,28047,2026-03-12 18:25:46.359169
300,Headphones,Chennai,39687,2026-03-24 18:25:46.359169
301,Laptop,Delhi,2623,2026-03-21 18:25:46.359169
302,Laptop,Delhi,36522,2026-03-06 18:25:46.359169
303,Headphones,Delhi,26914,2026-03-13 18:25:46.359169
304,Laptop,Bangalore,6361,2026-03-09 18:25:46.359169
305,Headphones,Chennai,8762,2026-03-15 18:25:46.359169
306,Phone,Mumbai,23524,2026-03-12 18:25:46.359169
307,Headphones,Bangalore,45344,2026-03-18 18:25:46.359169
308,Headphones,Chennai,16477,2026-02-27 18:25:46.359169
309,Tablet,Bangalore,19280,2026-03-07 18:25:46.359169
310,Phone,Chennai,43928,2026-03-09 18:25:46.359169
311,Laptop,Mumbai,30243,2026-02-24 18:25:46.359169
312,Phone,Mumbai,4982,2026-03-07 18:25:46.359169
313,Tablet,Mumbai,33251,2026-02-24 18:25:46.359169
314,Laptop,Bangalore,4734,2026-03-17 18:25:46.359169
315,Headphones,Bangalore,1401,2026-03-14 18:25:46.359169
316,Headphones,Bangalore,38194,2026-02-24 18:25:46.359169
317,Phone,Mumbai,22318,2026-02-27 18:25:46.359169
318,Laptop,Mumbai,3676,2026-03-14 18:25:46.359169
319,Tablet,Delhi,36686,2026-03-10 18:25:46.359169
320,Headphones,Bangalore,6961,2026-03-21 18:25:46.359169
321,Headphones,Chennai,15504,2026-03-03 18:25:46.359169
322,Phone,Mumbai,20515,2026-03-15 18:25:46.359169
323,Headphones,Bangalore,9171,2026-03-08 18:25:46.359169
324,Laptop,Chennai,4094,2026-02-25 18:25:46.359169
325,Phone,Bangalore,5363,2026-03-06 18:25:46.359169
326,Phone,Mumbai,10738,2026-03-17 18:25:46.359169
327,Phone,Bangalore,10775,2026-03-10 18:25:46.359169
328,Laptop,Chennai,29255,2026-03-17 18:25:46.359169
329,Tablet,Bangalore,6210,2026-02-26 18:25:46.359169
330,Headphones,Delhi,31813,2026-03-06 18:25:46.359169
331,Tablet,Chennai,6287,2026-03-07 18:25:46.359169
332,Laptop,Chennai,17857,2026-03-04 18:25:46.359169
333,Laptop,Chennai,48663,2026-03-03 18:25:46.359169
334,Laptop,Mumbai,32613,2026-03-01 18:25:46.359169
335,Headphones,Chennai,29539,2026-03-12 18:25:46.359169
336,Laptop,Bangalore,18818,2026-03-01 18:25:46.359169
337,Tablet,Mumbai,32078,2026-02-23 18:25:46.359169
338,Tablet,Delhi,27856,2026-03-04 18:25:46.360167
339,Phone,Bangalore,46268,2026-03-11 18:25:46.360167
340,Phone,Chennai,32156,2026-02-26 18:25:46.360167
341,Tablet,Bangalore,27493,2026-03-13 18:25:46.360167
342,Phone,Chennai,46850,2026-03-01 18:25:46.360167
343,Tablet,Chennai,42591,2026-03-23 18:25:46.360167
344,Headphones,Bangalore,2226,2026-03-19 18:25:46.360167
345,Headphones,Delhi,39864,2026-03-14 18:25:46.360167
346,Headphones,Bangalore,13132,2026-03-11 18:25:46.360167
347,Phone,Chennai,24456,2026-03-22 18:25:46.360167
348,Laptop,Delhi,38751,2026-03-03 18:25:46.360167
349,Phone,Chennai,20469,2026-03-19 18:25:46.360167
350,Tablet,Chennai,27813,2026-02-28 18:25:46.360167
351,Headphones,Bangalore,39814,2026-03-20 18:25:46.360167
352,Laptop,Mumbai,22636,2026-02-28 18:25:46.360167
353,Laptop,Bangalore,14207,2026-02-27 18:25:46.360167
354,Phone,Bangalore,43335,2026-03-17 18:25:46.360167
355,Phone,Bangalore,31132,2026-03-01 18:25:46.360167
356,Headphones,Chennai,42497,2026-03-08 18:25:46.360167
357,Headphones,Bangalore,26300,2026-03-16 18:25:46.360167
358,Tablet,Chennai,16208,2026-03-23 18:25:46.360167
359,Tablet,Bangalore,5952,2026-03-13 18:25:46.360167
360,Laptop,Chennai,35787,2026-03-07 18:25:46.360167
361,Headphones,Bangalore,15543,2026-03-04 18:25:46.360167
362,Laptop,Delhi,20334,2026-03-18 18:25:46.360167
363,Tablet,Chennai,24951,2026-03-14 18:25:46.360167
364,Tablet,Delhi,2883,2026-03-24 18:25:46.360167
365,Tablet,Delhi,14867,2026-03-06 18:25:46.360167
366,Laptop,Bangalore,45755,2026-03-02 18:25:46.360167
367,Tablet,Mumbai,49755,2026-03-03 18:25:46.360167
368,Phone,Bangalore,6127,2026-03-20 18:25:46.360167
369,Headphones,Mumbai,4040,2026-03-13 18:25:46.360167
370,Laptop,Delhi,46234,2026-03-04 18:25:46.360167
371,Tablet,Mumbai,42721,2026-03-14 18:25:46.360167
372,Tablet,Mumbai,48545,2026-03-09 18:25:46.360167
373,Tablet,Chennai,49909,2026-03-16 18:25:46.360167
374,Laptop,Delhi,11340,2026-03-23 18:25:46.360167
375,Phone,Delhi,33882,2026-03-20 18:25:46.360167
376,Headphones,Delhi,26106,2026-03-11 18:25:46.360167
377,Phone,Chennai,25210,2026-02-25 18:25:46.360167
378,Headphones,Delhi,35755,2026-02-26 18:25:46.360167
379,Tablet,Chennai,12035,2026-03-02 18:25:46.360167
380,Laptop,Chennai,27960,2026-03-20 18:25:46.360167
381,Phone,Bangalore,18776,2026-02-22 18:25:46.360167
382,Laptop,Delhi,12917,2026-03-12 18:25:46.360167
383,Tablet,Chennai,7659,2026-03-01 18:25:46.360167
384,Phone,Delhi,35265,2026-02-24 18:25:46.360167
385,Laptop,Mumbai,5620,2026-03-19 18:25:46.360167
386,Tablet,Mumbai,30389,2026-02-23 18:25:46.360167
387,Headphones,Mumbai,18992,2026-03-09 18:25:46.360167
388,Phone,Delhi,31747,2026-02-28 18:25:46.360167
389,Headphones,Delhi,37444,2026-03-06 18:25:46.361166
390,Headphones,Delhi,12842,2026-02-26 18:25:46.361166
391,Headphones,Bangalore,4224,2026-03-22 18:25:46.361166
392,Phone,Chennai,4674,2026-03-14 18:25:46.361166
393,Laptop,Delhi,48811,2026-03-17 18:25:46.361166
394,Headphones,Delhi,23539,2026-03-15 18:25:46.361166
395,Phone,Mumbai,24806,2026-03-19 18:25:46.361166
396,Laptop,Bangalore,12985,2026-03-01 18:25:46.361166
397,Tablet,Chennai,29778,2026-03-04 18:25:46.361166
398,Laptop,Mumbai,14808,2026-03-14 18:25:46.361166
399,Headphones,Delhi,20604,2026-03-07 18:25:46.361166
400,Headphones,Chennai,26172,2026-03-01 18:25:46.361166
401,Laptop,Mumbai,33338,2026-03-23 18:25:46.361166
402,Phone,Bangalore,4309,2026-03-09 18:25:46.361166
403,Laptop,Mumbai,15261,2026-03-24 18:25:46.361166
404,Headphones,Delhi,15787,2026-02-26 18:25:46.361166
405,Phone,Mumbai,20576,2026-03-19 18:25:46.361166
406,Phone,Bangalore,41880,2026-02-28 18:25:46.361166
407,Phone,Chennai,36238,2026-03-17 18:25:46.361166
408,Laptop,Chennai,39371,2026-03-10 18:25:46.361166
409,Laptop,Bangalore,47687,2026-03-07 18:25:46.361166
410,Laptop,Delhi,8376,2026-03-07 18:25:46.361166
411,Phone,Chennai,47511,2026-03-24 18:25:46.361166
412,Tablet,Mumbai,38517,2026-02-26 18:25:46.361166
413,Phone,Mumbai,33980,2026-03-19 18:25:46.361166
414,Headphones,Mumbai,30287,2026-03-13 18:25:46.361166
415,Tablet,Mumbai,48144,2026-03-06 18:25:46.361166
416,Headphones,Bangalore,16903,2026-03-09 18:25:46.361166
417,Laptop,Chennai,40530,2026-02-27 18:25:46.361166
418,Tablet,Mumbai,11334,2026-02-28 18:25:46.361166
419,Tablet,Delhi,27549,2026-03-16 18:25:46.361166
420,Tablet,Bangalore,39497,2026-03-08 18:25:46.361166
421,Tablet,Bangalore,1324,2026-02-26 18:25:46.361166
422,Tablet,Bangalore,9641,2026-03-17 18:25:46.361166
423,Headphones,Chennai,18023,2026-03-15 18:25:46.361166
424,Headphones,Mumbai,33427,2026-02-23 18:25:46.361166
425,Headphones,Bangalore,32410,2026-02-24 18:25:46.361166
426,Tablet,Mumbai,35316,2026-03-09 18:25:46.361166
427,Headphones,Mumbai,26807,2026-03-20 18:25:46.361166
428,Tablet,Bangalore,46921,2026-03-03 18:25:46.361166
429,Phone,Delhi,19778,2026-03-18 18:25:46.361166
430,Laptop,Chennai,38509,2026-03-14 18:25:46.361166
431,Headphones,Chennai,27315,2026-02-25 18:25:46.361166
432,Laptop,Mumbai,40386,2026-02-24 18:25:46.361166
433,Laptop,Chennai,30015,2026-03-10 18:25:46.361166
434,Laptop,Mumbai,21455,2026-03-09 18:25:46.361166
435,Phone,Chennai,12374,2026-03-02 18:25:46.361166
436,Laptop,Delhi,41011,2026-02-26 18:25:46.361166
437,Laptop,Mumbai,8143,2026-03-08 18:25:46.361166
438,Laptop,Delhi,4208,2026-03-15 18:25:46.361166
439,Laptop,Bangalore,7889,2026-02-24 18:25:46.361166
440,Laptop,Mumbai,18024,2026-02-22 18:25:46.362167
441,Phone,Delhi,33435,2026-03-04 18:25:46.362167
442,Tablet,Delhi,34831,2026-03-02 18:25:46.362167
443,Laptop,Bangalore,5335,2026-03-04 18:25:46.362167
444,Laptop,Mumbai,27980,2026-03-03 18:25:46.362167
445,Headphones,Delhi,49878,2026-02-24 18:25:46.362167
446,Phone,Delhi,16166,2026-03-11 18:25:46.362167
447,Phone,Mumbai,21212,2026-02-25 18:25:46.362167
448,Headphones,Chennai,40548,2026-03-06 18:25:46.362167
449,Tablet,Mumbai,36158,2026-02-22 18:25:46.362167
450,Phone,Delhi,40524,2026-03-08 18:25:46.362167
451,Tablet,Delhi,41788,2026-03-10 18:25:46.362167
452,Laptop,Chennai,26137,2026-02-22 18:25:46.362167
453,Laptop,Chennai,6374,2026-02-25 18:25:46.362167
454,Headphones,Chennai,19838,2026-03-20 18:25:46.362167
455,Phone,Mumbai,41416,2026-03-18 18:25:46.362167
456,Phone,Delhi,13421,2026-03-05 18:25:46.362167
457,Phone,Mumbai,33682,2026-03-10 18:25:46.362167
458,Headphones,Delhi,5324,2026-03-01 18:25:46.362167
459,Tablet,Mumbai,17737,2026-03-20 18:25:46.362167
460,Laptop,Chennai,4963,2026-03-01 18:25:46.362167
461,Headphones,Mumbai,37165,2026-02-27 18:25:46.362167
462,Phone,Delhi,41906,2026-03-18 18:25:46.362167
463,Phone,Bangalore,22974,2026-02-22 18:25:46.362167
464,Tablet,Bangalore,47357,2026-03-17 18:25:46.362167
465,Laptop,Delhi,42377,2026-03-01 18:25:46.362167
466,Laptop,Delhi,15845,2026-03-03 18:25:46.362167
467,Laptop,Mumbai,35433,2026-03-08 18:25:46.362167
468,Headphones,Mumbai,37056,2026-03-03 18:25:46.362167
469,Phone,Chennai,7894,2026-03-21 18:25:46.362167
470,Phone,Bangalore,2746,2026-03-09 18:25:46.362167
471,Tablet,Mumbai,32008,2026-03-03 18:25:46.362167
472,Laptop,Chennai,23902,2026-03-17 18:25:46.362167
473,Tablet,Bangalore,49244,2026-03-15 18:25:46.362167
474,Headphones,Bangalore,46010,2026-03-24 18:25:46.362167
475,Phone,Bangalore,31543,2026-03-15 18:25:46.362167
476,Phone,Chennai,49775,2026-03-23 18:25:46.362167
477,Laptop,Delhi,18536,2026-03-10 18:25:46.362167
478,Laptop,Mumbai,43508,2026-02-23 18:25:46.362167
479,Headphones,Chennai,40924,2026-02-26 18:25:46.362167
480,Phone,Chennai,36276,2026-03-10 18:25:46.362167
481,Tablet,Bangalore,2986,2026-03-01 18:25:46.362167
482,Phone,Delhi,41616,2026-03-23 18:25:46.362167
483,Headphones,Bangalore,9077,2026-03-17 18:25:46.363166
484,Headphones,Bangalore,38942,2026-02-22 18:25:46.363166
485,Tablet,Bangalore,25909,2026-02-27 18:25:46.363166
486,Laptop,Chennai,18095,2026-03-03 18:25:46.363166
487,Laptop,Bangalore,5892,2026-02-22 18:25:46.363166
488,Laptop,Delhi,48141,2026-03-06 18:25:46.363166
489,Tablet,Chennai,4923,2026-02-28 18:25:46.363166
490,Laptop,Chennai,13310,2026-02-26 18:25:46.363166
491,Tablet,Delhi,3262,2026-03-17 18:25:46.363166
492,Laptop,Delhi,32098,2026-03-03 18:25:46.363166
493,Laptop,Mumbai,5670,2026-03-09 18:25:46.363166
494,Headphones,Bangalore,33022,2026-03-13 18:25:46.363166
495,Laptop,Mumbai,21252,2026-03-08 18:25:46.363166
496,Laptop,Chennai,16991,2026-03-24 18:25:46.363166
497,Headphones,Delhi,39258,2026-03-11 18:25:46.363166
498,Headphones,Chennai,27000,2026-03-08 18:25:46.363166
499,Phone,Delhi,49050,2026-03-24 18:25:46.363166
500,Laptop,Delhi,41173,2026-03-08 18:25:46.363166
501,Laptop,Delhi,43190,2026-03-14 18:25:46.363166
502,Laptop,Bangalore,36666,2026-03-22 18:25:46.363166
503,Phone,Bangalore,36819,2026-02-28 18:25:46.363166
504,Headphones,Mumbai,3889,2026-03-04 18:25:46.363166
505,Headphones,Mumbai,24504,2026-03-21 18:25:46.363166
506,Headphones,Bangalore,6089,2026-03-12 18:25:46.363166
507,Phone,Chennai,12204,2026-03-18 18:25:46.363166
508,Tablet,Mumbai,29146,2026-02-25 18:25:46.363166
509,Tablet,Delhi,33706,2026-03-01 18:25:46.363166
510,Phone,Chennai,38167,2026-03-22 18:25:46.363166
511,Headphones,Delhi,6639,2026-03-14 18:25:46.363166
512,Tablet,Delhi,34087,2026-02-28 18:25:46.363166
513,Headphones,Mumbai,24923,2026-02-28 18:25:46.363166
514,Tablet,Mumbai,37948,2026-03-05 18:25:46.363166
515,Headphones,Bangalore,26221,2026-02-27 18:25:46.363166
516,Phone,Delhi,36637,2026-02-23 18:25:46.363166
517,Phone,Delhi,3529,2026-03-23 18:25:46.363166
518,Laptop,Mumbai,25219,2026-02-25 18:25:46.363166
519,Headphones,Mumbai,18601,2026-03-04 18:25:46.363166
520,Laptop,Bangalore,29088,2026-03-23 18:25:46.363166
521,Phone,Mumbai,48045,2026-03-24 18:25:46.363166
522,Laptop,Mumbai,4380,2026-02-28 18:25:46.363166
523,Headphones,Mumbai,9753,2026-03-17 18:25:46.363166
524,Phone,Mumbai,1770,2026-03-02 18:25:46.363166
525,Laptop,Chennai,2113,2026-02-23 18:25:46.363166
526,Phone,Chennai,29051,2026-03-21 18:25:46.363166
527,Phone,Bangalore,23183,2026-03-22 18:25:46.363166
528,Laptop,Delhi,8379,2026-03-03 18:25:46.363166
529,Laptop,Delhi,26659,2026-02-28 18:25:46.363166
530,Laptop,Chennai,7748,2026-03-15 18:25:46.363166
531,Phone,Chennai,31822,2026-03-12 18:25:46.364172
532,Headphones,Delhi,5194,2026-03-16 18:25:46.364172
533,Phone,Mumbai,14246,2026-03-16 18:25:46.364172
534,Laptop,Mumbai,15274,2026-02-25 18:25:46.364172
535,Laptop,Bangalore,17920,2026-03-10 18:25:46.364172
536,Laptop,Chennai,7636,2026-03-24 18:25:46.364172
537,Tablet,Bangalore,35169,2026-03-16 18:25:46.364172
538,Tablet,Delhi,32821,2026-03-23 18:25:46.364172
539,Headphones,Bangalore,17384,2026-03-23 18:25:46.364172
540,Laptop,Delhi,37468,2026-03-19 18:25:46.364172
541,Tablet,Bangalore,15385,2026-02-25 18:25:46.364172
542,Headphones,Delhi,2142,2026-03-12 18:25:46.364172
543,Laptop,Mumbai,43976,2026-03-16 18:25:46.364172
544,Tablet,Delhi,10369,2026-03-03 18:25:46.364172
545,Headphones,Mumbai,44690,2026-03-03 18:25:46.364172
546,Phone,Delhi,14759,2026-02-22 18:25:46.364172
547,Headphones,Bangalore,21395,2026-02-24 18:25:46.364172
548,Phone,Bangalore,36691,2026-03-21 18:25:46.364172
549,Tablet,Delhi,15612,2026-03-16 18:25:46.364172
550,Phone,Delhi,13156,2026-02-23 18:25:46.364172
551,Headphones,Chennai,48932,2026-03-11 18:25:46.364172
552,Laptop,Mumbai,3986,2026-03-10 18:25:46.364172
553,Laptop,Delhi,33740,2026-03-06 18:25:46.364172
554,Headphones,Mumbai,20684,2026-03-04 18:25:46.364172
555,Phone,Delhi,15037,2026-03-06 18:25:46.364172
556,Phone,Mumbai,21301,2026-03-15 18:25:46.364172
557,Headphones,Chennai,48362,2026-03-11 18:25:46.364172
558,Phone,Delhi,12029,2026-03-01 18:25:46.364172
559,Laptop,Mumbai,23343,2026-03-10 18:25:46.364172
560,Headphones,Mumbai,46830,2026-03-06 18:25:46.364172
561,Laptop,Chennai,45170,2026-03-24 18:25:46.364172
562,Laptop,Chennai,37013,2026-02-24 18:25:46.364172
563,Phone,Bangalore,39499,2026-03-18 18:25:46.364172
564,Phone,Mumbai,26351,2026-03-21 18:25:46.364172
565,Tablet,Bangalore,23435,2026-03-14 18:25:46.364172
566,Phone,Bangalore,5915,2026-02-25 18:25:46.364172
567,Phone,Delhi,23567,2026-03-07 18:25:46.364172
568,Headphones,Mumbai,7688,2026-03-18 18:25:46.364172
569,Headphones,Bangalore,17982,2026-02-22 18:25:46.364172
570,Laptop,Chennai,38277,2026-03-21 18:25:46.364172
571,Phone,Delhi,17010,2026-03-01 18:25:46.364172
572,Headphones,Bangalore,4213,2026-03-12 18:25:46.364172
573,Headphones,Bangalore,21951,2026-03-17 18:25:46.364172
574,Tablet,Chennai,13225,2026-03-04 18:25:46.364172
575,Headphones,Mumbai,22488,2026-03-16 18:25:46.364172
576,Phone,Chennai,44063,2026-03-21 18:25:46.364172
577,Phone,Bangalore,15218,2026-03-02 18:25:46.365172
578,Tablet,Delhi,35386,2026-03-02 18:25:46.365172
579,Headphones,Bangalore,17058,2026-03-23 18:25:46.365172
580,Headphones,Chennai,31038,2026-03-07 18:25:46.365172
581,Headphones,Delhi,4685,2026-03-02 18:25:46.365172
582,Laptop,Chennai,37650,2026-03-17 18:25:46.365172
583,Headphones,Mumbai,27538,2026-02-23 18:25:46.365172
584,Headphones,Mumbai,46573,2026-03-05 18:25:46.365172
585,Headphones,Bangalore,46065,2026-03-21 18:25:46.365172
586,Laptop,Mumbai,27547,2026-03-14 18:25:46.365172
587,Laptop,Bangalore,3607,2026-02-23 18:25:46.365172
588,Tablet,Chennai,46587,2026-02-27 18:25:46.365172
589,Headphones,Chennai,44258,2026-02-25 18:25:46.365172
590,Tablet,Mumbai,26511,2026-03-22 18:25:46.365172
591,Tablet,Bangalore,7138,2026-03-10 18:25:46.365172
592,Tablet,Bangalore,10318,2026-03-07 18:25:46.365172
593,Headphones,Delhi,28871,2026-02-25 18:25:46.365172
594,Tablet,Delhi,22516,2026-03-05 18:25:46.365172
595,Headphones,Chennai,3378,2026-03-07 18:25:46.365172
596,Tablet,Delhi,42135,2026-03-13 18:25:46.365172
597,Phone,Bangalore,39793,2026-03-07 18:25:46.365172
598,Tablet,Bangalore,11812,2026-03-05 18:25:46.365172
599,Tablet,Chennai,45345,2026-03-10 18:25:46.365172
600,Laptop,Bangalore,16337,2026-03-08 18:25:46.365172
601,Phone,Chennai,29261,2026-03-09 18:25:46.365172
602,Laptop,Bangalore,39775,2026-03-13 18:25:46.365172
603,Phone,Chennai,39120,2026-02-27 18:25:46.365172
604,Headphones,Delhi,16016,2026-03-17 18:25:46.365172
605,Tablet,Chennai,3817,2026-03-18 18:25:46.365172
606,Headphones,Bangalore,30481,2026-03-13 18:25:46.365172
607,Tablet,Bangalore,48050,2026-02-28 18:25:46.365172
608,Phone,Mumbai,24331,2026-03-05 18:25:46.365172
609,Tablet,Chennai,24451,2026-03-04 18:25:46.365172
610,Headphones,Delhi,30349,2026-02-22 18:25:46.365172
611,Phone,Delhi,5486,2026-03-14 18:25:46.365172
612,Laptop,Chennai,39487,2026-03-11 18:25:46.365172
613,Tablet,Chennai,37529,2026-03-05 18:25:46.365172
614,Laptop,Delhi,2619,2026-02-25 18:25:46.365172
615,Phone,Delhi,44682,2026-02-26 18:25:46.365172
616,Tablet,Delhi,28485,2026-03-16 18:25:46.365172
617,Phone,Bangalore,2124,2026-03-04 18:25:46.365172
618,Tablet,Delhi,8735,2026-03-17 18:25:46.365172
619,Tablet,Chennai,5696,2026-03-18 18:25:46.365172
620,Phone,Mumbai,44143,2026-02-22 18:25:46.365172
621,Phone,Chennai,21104,2026-03-11 18:25:46.365172
622,Laptop,Delhi,49646,2026-03-11 18:25:46.365172
623,Headphones,Chennai,2684,2026-03-17 18:25:46.366170
624,Laptop,Bangalore,21789,2026-03-17 18:25:46.366170
625,Laptop,Mumbai,10374,2026-02-27 18:25:46.366170
626,Tablet,Delhi,27522,2026-03-04 18:25:46.366170
627,Laptop,Delhi,12563,2026-03-15 18:25:46.366170
628,Tablet,Chennai,1712,2026-03-23 18:25:46.366170
629,Headphones,Chennai,21324,2026-03-16 18:25:46.366170
630,Tablet,Chennai,43202,2026-03-09 18:25:46.366170
631,Headphones,Bangalore,43459,2026-03-11 18:25:46.366170
632,Phone,Delhi,44639,2026-03-16 18:25:46.366170
633,Tablet,Delhi,23602,2026-03-08 18:25:46.366170
634,Laptop,Mumbai,38283,2026-02-22 18:25:46.366170
635,Headphones,Mumbai,10872,2026-03-07 18:25:46.366170
636,Phone,Chennai,36794,2026-03-16 18:25:46.366170
637,Tablet,Bangalore,31116,2026-02-22 18:25:46.366170
638,Laptop,Delhi,11821,2026-03-09 18:25:46.366170
639,Phone,Mumbai,2062,2026-03-07 18:25:46.366170
640,Headphones,Bangalore,25310,2026-03-16 18:25:46.366170
641,Headphones,Chennai,41024,2026-03-18 18:25:46.366170
642,Headphones,Mumbai,11001,2026-03-24 18:25:46.366170
643,Headphones,Delhi,20364,2026-03-10 18:25:46.366170
644,Headphones,Bangalore,7247,2026-03-07 18:25:46.366170
645,Phone,Bangalore,32742,2026-03-16 18:25:46.366170
646,Laptop,Delhi,15393,2026-03-01 18:25:46.366170
647,Headphones,Mumbai,30764,2026-03-12 18:25:46.366170
648,Laptop,Bangalore,11924,2026-03-24 18:25:46.366170
649,Phone,Bangalore,35388,2026-03-05 18:25:46.366170
650,Tablet,Chennai,9140,2026-03-04 18:25:46.366170
651,Tablet,Delhi,15665,2026-03-09 18:25:46.366170
652,Phone,Bangalore,13007,2026-03-03 18:25:46.366170
653,Tablet,Delhi,17733,2026-02-24 18:25:46.366170
654,Tablet,Bangalore,35011,2026-03-12 18:25:46.366170
655,Laptop,Chennai,32125,2026-03-02 18:25:46.366170
656,Headphones,Delhi,42155,2026-02-25 18:25:46.366170
657,Tablet,Bangalore,24054,2026-03-12 18:25:46.366170
658,Headphones,Chennai,28966,2026-03-17 18:25:46.366170
659,Phone,Mumbai,1538,2026-03-17 18:25:46.366170
660,Phone,Delhi,1088,2026-03-17 18:25:46.366170
661,Headphones,Mumbai,46801,2026-03-02 18:25:46.366170
662,Phone,Chennai,36522,2026-03-21 18:25:46.366170
663,Headphones,Chennai,29135,2026-02-22 18:25:46.367165
664,Phone,Delhi,23224,2026-03-19 18:25:46.367165
665,Laptop,Delhi,16268,2026-03-17 18:25:46.367165
666,Phone,Bangalore,43688,2026-03-11 18:25:46.367165
667,Laptop,Bangalore,19091,2026-03-07 18:25:46.367165
668,Headphones,Chennai,27760,2026-03-08 18:25:46.367165
669,Headphones,Delhi,35611,2026-03-10 18:25:46.367165
670,Headphones,Bangalore,4428,2026-03-01 18:25:46.367165
671,Headphones,Chennai,43001,2026-02-25 18:25:46.367165
672,Headphones,Bangalore,20692,2026-03-03 18:25:46.367165
673,Tablet,Bangalore,47957,2026-03-13 18:25:46.367165
674,Headphones,Mumbai,18413,2026-03-07 18:25:46.367165
675,Tablet,Mumbai,26010,2026-03-06 18:25:46.367165
676,Headphones,Mumbai,43988,2026-03-08 18:25:46.367165
677,Tablet,Mumbai,41859,2026-03-22 18:25:46.367165
678,Tablet,Delhi,44170,2026-03-21 18:25:46.367165
679,Tablet,Chennai,36886,2026-03-17 18:25:46.367165
680,Phone,Bangalore,42071,2026-03-23 18:25:46.367165
681,Tablet,Delhi,38532,2026-03-10 18:25:46.367165
682,Phone,Delhi,35147,2026-02-22 18:25:46.367165
683,Phone,Bangalore,11365,2026-03-16 18:25:46.367165
684,Laptop,Delhi,36005,2026-03-02 18:25:46.367165
685,Headphones,Delhi,42996,2026-02-23 18:25:46.367165
686,Laptop,Delhi,29710,2026-03-08 18:25:46.367165
687,Laptop,Delhi,13970,2026-02-26 18:25:46.367165
688,Laptop,Mumbai,33715,2026-03-14 18:25:46.367165
689,Phone,Chennai,2418,2026-03-13 18:25:46.367165
690,Headphones,Mumbai,22740,2026-03-11 18:25:46.367165
691,Phone,Bangalore,33931,2026-03-03 18:25:46.367165
692,Laptop,Bangalore,28433,2026-03-03 18:25:46.367165
693,Tablet,Chennai,41564,2026-02-25 18:25:46.367165
694,Laptop,Chennai,42158,2026-02-25 18:25:46.367165
695,Laptop,Mumbai,35683,2026-03-11 18:25:46.367165
696,Tablet,Mumbai,33090,2026-03-24 18:25:46.367165
697,Headphones,Mumbai,34951,2026-02-25 18:25:46.367165
698,Laptop,Mumbai,25388,2026-03-10 18:25:46.367165
699,Tablet,Bangalore,45837,2026-03-15 18:25:46.367165
700,Phone,Delhi,10607,2026-03-05 18:25:46.367165
701,Laptop,Bangalore,21146,2026-02-27 18:25:46.367165
702,Tablet,Chennai,48042,2026-03-07 18:25:46.367165
703,Tablet,Delhi,14265,2026-03-10 18:25:46.367165
704,Tablet,Delhi,39186,2026-03-18 18:25:46.367165
705,Phone,Chennai,37476,2026-02-23 18:25:46.367165
706,Tablet,Bangalore,28808,2026-03-14 18:25:46.367165
707,Phone,Delhi,17129,2026-03-05 18:25:46.368170
708,Phone,Bangalore,38936,2026-03-02 18:25:46.368170
709,Laptop,Delhi,46629,2026-03-04 18:25:46.368170
710,Tablet,Delhi,13150,2026-03-03 18:25:46.368170
711,Phone,Chennai,46028,2026-03-06 18:25:46.368170
712,Phone,Bangalore,49136,2026-03-05 18:25:46.368170
713,Tablet,Mumbai,1502,2026-02-24 18:25:46.368170
714,Tablet,Bangalore,45795,2026-03-04 18:25:46.368170
715,Headphones,Bangalore,47362,2026-02-28 18:25:46.368170
716,Tablet,Chennai,19319,2026-03-09 18:25:46.368170
717,Headphones,Mumbai,38362,2026-03-09 18:25:46.368170
718,Tablet,Chennai,4892,2026-03-07 18:25:46.368170
719,Tablet,Mumbai,15866,2026-03-09 18:25:46.368170
720,Laptop,Delhi,46222,2026-03-05 18:25:46.368170
721,Laptop,Chennai,23512,2026-03-21 18:25:46.368170
722,Tablet,Bangalore,30877,2026-03-22 18:25:46.368170
723,Headphones,Chennai,11752,2026-03-09 18:25:46.368170
724,Laptop,Mumbai,47514,2026-02-24 18:25:46.368170
725,Headphones,Mumbai,28693,2026-02-23 18:25:46.368170
726,Phone,Bangalore,10407,2026-03-11 18:25:46.368170
727,Tablet,Bangalore,6632,2026-03-21 18:25:46.368170
728,Headphones,Chennai,45924,2026-02-26 18:25:46.368170
729,Phone,Mumbai,23029,2026-02-23 18:25:46.368170
730,Phone,Bangalore,46225,2026-03-06 18:25:46.368170
731,Tablet,Bangalore,38013,2026-02-28 18:25:46.368170
732,Laptop,Delhi,20006,2026-03-11 18:25:46.368170
733,Phone,Mumbai,49691,2026-03-08 18:25:46.368170
734,Phone,Delhi,38720,2026-02-28 18:25:46.368170
735,Laptop,Chennai,34244,2026-03-18 18:25:46.368170
736,Tablet,Delhi,40850,2026-03-12 18:25:46.368170
737,Laptop,Mumbai,4724,2026-02-28 18:25:46.368170
738,Phone,Mumbai,35053,2026-02-22 18:25:46.368170
739,Tablet,Chennai,22696,2026-03-08 18:25:46.368170
740,Laptop,Chennai,1878,2026-03-11 18:25:46.368170
741,Phone,Chennai,40862,2026-03-19 18:25:46.368170
742,Laptop,Chennai,26112,2026-03-11 18:25:46.368170
743,Tablet,Delhi,49519,2026-02-26 18:25:46.368170
744,Laptop,Bangalore,35812,2026-03-18 18:25:46.368170
745,Laptop,Delhi,49891,2026-02-22 18:25:46.368170
746,Phone,Chennai,29107,2026-02-26 18:25:46.368170
747,Headphones,Chennai,22283,2026-02-23 18:25:46.368170
748,Laptop,Bangalore,47731,2026-03-06 18:25:46.368170
749,Headphones,Delhi,26585,2026-03-18 18:25:46.368170
750,Laptop,Delhi,7217,2026-03-17 18:25:46.368170
751,Tablet,Delhi,14050,2026-02-27 18:25:46.368170
752,Tablet,Chennai,26528,2026-03-03 18:25:46.368170
753,Tablet,Chennai,44908,2026-03-21 18:25:46.368170
754,Phone,Delhi,14062,2026-03-23 18:25:46.368170
755,Headphones,Mumbai,1988,2026-03-14 18:25:46.368170
756,Tablet,Delhi,4370,2026-03-01 18:25:46.368170
757,Phone,Delhi,18960,2026-03-18 18:25:46.368170
758,Phone,Bangalore,34196,2026-03-01 18:25:46.369167
759,Laptop,Chennai,12085,2026-03-14 18:25:46.369167
760,Tablet,Bangalore,22139,2026-02-26 18:25:46.369167
761,Tablet,Mumbai,32954,2026-03-12 18:25:46.369167
762,Headphones,Chennai,37179,2026-03-04 18:25:46.369167
763,Phone,Bangalore,4336,2026-03-15 18:25:46.369167
764,Phone,Mumbai,27884,2026-03-18 18:25:46.369167
765,Phone,Chennai,3397,2026-02-26 18:25:46.369167
766,Laptop,Mumbai,28371,2026-03-15 18:25:46.369167
767,Phone,Delhi,32788,2026-03-10 18:25:46.369167
768,Laptop,Chennai,32328,2026-03-03 18:25:46.369167
769,Phone,Bangalore,45126,2026-03-20 18:25:46.369167
770,Tablet,Chennai,30732,2026-03-14 18:25:46.369167
771,Laptop,Mumbai,26501,2026-02-23 18:25:46.369167
772,Tablet,Chennai,44035,2026-03-10 18:25:46.369167
773,Laptop,Bangalore,17058,2026-03-12 18:25:46.369167
774,Laptop,Delhi,19225,2026-03-15 18:25:46.369167
775,Headphones,Mumbai,9130,2026-03-04 18:25:46.369167
776,Headphones,Bangalore,31802,2026-03-04 18:25:46.369167
777,Laptop,Mumbai,46370,2026-03-14 18:25:46.369167
778,Phone,Delhi,3335,2026-03-04 18:25:46.369167
779,Laptop,Chennai,38046,2026-03-14 18:25:46.369167
780,Phone,Delhi,33148,2026-03-03 18:25:46.369167
781,Laptop,Chennai,43108,2026-03-23 18:25:46.369167
782,Headphones,Mumbai,21782,2026-03-21 18:25:46.369167
783,Tablet,Delhi,2673,2026-03-10 18:25:46.369167
784,Laptop,Bangalore,33843,2026-02-27 18:25:46.369167
785,Laptop,Bangalore,4887,2026-02-26 18:25:46.369167
786,Headphones,Mumbai,34239,2026-03-05 18:25:46.369167
787,Tablet,Delhi,13700,2026-03-08 18:25:46.369167
788,Phone,Chennai,40424,2026-03-12 18:25:46.369167
789,Laptop,Bangalore,27935,2026-03-16 18:25:46.369167
790,Headphones,Chennai,20327,2026-02-22 18:25:46.369167
791,Headphones,Delhi,7121,2026-03-22 18:25:46.369167
792,Headphones,Chennai,47890,2026-03-22 18:25:46.369167
793,Phone,Chennai,3911,2026-03-14 18:25:46.369167
794,Tablet,Delhi,23586,2026-02-22 18:25:46.369167
795,Headphones,Bangalore,30261,2026-03-01 18:25:46.369167
796,Tablet,Mumbai,1664,2026-03-01 18:25:46.369167
797,Headphones,Bangalore,14945,2026-02-28 18:25:46.369167
798,Headphones,Chennai,49964,2026-03-07 18:25:46.369167
799,Headphones,Mumbai,8830,2026-03-20 18:25:46.369167
800,Headphones,Bangalore,42065,2026-02-27 18:25:46.369167
801,Headphones,Mumbai,35596,2026-03-03 18:25:46.369167
802,Headphones,Delhi,42374,2026-03-22 18:25:46.369167
803,Phone,Mumbai,42473,2026-03-11 18:25:46.369167
804,Headphones,Bangalore,37113,2026-02-22 18:25:46.370169
805,Laptop,Mumbai,46412,2026-02-28 18:25:46.370169
806,Headphones,Bangalore,8029,2026-03-05 18:25:46.370169
807,Laptop,Chennai,16257,2026-02-27 18:25:46.370169
808,Phone,Chennai,1066,2026-02-22 18:25:46.370169
809,Phone,Chennai,7413,2026-02-26 18:25:46.370169
810,Laptop,Delhi,24892,2026-03-22 18:25:46.370169
811,Laptop,Chennai,16846,2026-03-03 18:25:46.370169
812,Laptop,Delhi,18510,2026-03-07 18:25:46.370169
813,Tablet,Delhi,26924,2026-02-27 18:25:46.370169
814,Tablet,Delhi,31880,2026-02-24 18:25:46.370169
815,Phone,Chennai,42701,2026-02-22 18:25:46.370169
816,Laptop,Delhi,17990,2026-03-22 18:25:46.370169
817,Tablet,Mumbai,42233,2026-02-26 18:25:46.370169
818,Phone,Chennai,47182,2026-02-28 18:25:46.370169
819,Tablet,Mumbai,2842,2026-03-04 18:25:46.370169
820,Phone,Bangalore,47536,2026-02-26 18:25:46.370169
821,Headphones,Bangalore,1425,2026-03-01 18:25:46.370169
822,Phone,Chennai,17608,2026-03-11 18:25:46.370169
823,Laptop,Delhi,34598,2026-03-23 18:25:46.370169
824,Tablet,Bangalore,1810,2026-02-23 18:25:46.370169
825,Laptop,Mumbai,32423,2026-02-22 18:25:46.370169
826,Laptop,Bangalore,33541,2026-03-21 18:25:46.370169
827,Tablet,Chennai,3019,2026-03-06 18:25:46.370169
828,Headphones,Chennai,12945,2026-02-25 18:25:46.370169
829,Phone,Bangalore,18597,2026-03-07 18:25:46.370169
830,Tablet,Mumbai,40607,2026-03-16 18:25:46.370169
831,Headphones,Bangalore,13434,2026-03-16 18:25:46.370169
832,Headphones,Delhi,30843,2026-03-24 18:25:46.370169
833,Tablet,Bangalore,37834,2026-03-23 18:25:46.370169
834,Laptop,Chennai,2757,2026-03-10 18:25:46.370169
835,Tablet,Bangalore,15483,2026-03-02 18:25:46.370169
836,Tablet,Delhi,1092,2026-03-09 18:25:46.370169
837,Phone,Bangalore,44558,2026-02-28 18:25:46.370169
838,Headphones,Chennai,42526,2026-03-06 18:25:46.370169
839,Phone,Delhi,35878,2026-03-12 18:25:46.370169
840,Phone,Chennai,20299,2026-03-04 18:25:46.370169
841,Headphones,Chennai,48174,2026-03-19 18:25:46.370169
842,Tablet,Bangalore,27077,2026-03-14 18:25:46.370169
843,Phone,Delhi,37284,2026-03-21 18:25:46.370169
844,Tablet,Chennai,13292,2026-02-28 18:25:46.370169
845,Tablet,Bangalore,22150,2026-03-15 18:25:46.370169
846,Laptop,Chennai,49497,2026-03-21 18:25:46.370169
847,Headphones,Chennai,4551,2026-03-18 18:25:46.370169
848,Tablet,Chennai,2659,2026-03-05 18:25:46.370169
849,Phone,Mumbai,29095,2026-03-22 18:25:46.370169
850,Laptop,Delhi,42066,2026-03-14 18:25:46.370169
851,Headphones,Delhi,20615,2026-03-13 18:25:46.371167
852,Phone,Bangalore,35757,2026-03-23 18:25:46.371167
853,Headphones,Delhi,4505,2026-03-20 18:25:46.371167
854,Tablet,Mumbai,24727,2026-02-28 18:25:46.371167
855,Phone,Chennai,49881,2026-02-23 18:25:46.371167
856,Tablet,Delhi,12024,2026-02-22 18:25:46.371167
857,Laptop,Mumbai,19480,2026-03-04 18:25:46.371167
858,Tablet,Bangalore,34553,2026-03-01 18:25:46.371167
859,Laptop,Bangalore,9539,2026-03-17 18:25:46.371167
860,Laptop,Chennai,23553,2026-03-24 18:25:46.371167
861,Headphones,Delhi,20282,2026-03-09 18:25:46.371167
862,Phone,Delhi,30118,2026-03-17 18:25:46.371167
863,Laptop,Chennai,17808,2026-03-17 18:25:46.371167
864,Phone,Bangalore,24158,2026-03-02 18:25:46.371167
865,Phone,Bangalore,26765,2026-03-22 18:25:46.371167
866,Headphones,Delhi,18540,2026-03-07 18:25:46.371167
867,Headphones,Chennai,42100,2026-03-22 18:25:46.371167
868,Headphones,Delhi,35377,2026-03-06 18:25:46.371167
869,Laptop,Delhi,18778,2026-02-22 18:25:46.371167
870,Phone,Bangalore,48359,2026-03-20 18:25:46.371167
871,Phone,Chennai,15477,2026-02-24 18:25:46.371167
872,Laptop,Bangalore,32159,2026-02-27 18:25:46.371167
873,Laptop,Bangalore,3388,2026-02-27 18:25:46.371167
874,Headphones,Bangalore,49091,2026-03-07 18:25:46.371167
875,Tablet,Chennai,46804,2026-03-21 18:25:46.371167
876,Headphones,Chennai,46156,2026-03-20 18:25:46.371167
877,Headphones,Bangalore,34263,2026-03-17 18:25:46.371167
878,Phone,Chennai,10205,2026-03-15 18:25:46.371167
879,Laptop,Chennai,18270,2026-02-25 18:25:46.371167
880,Laptop,Bangalore,7092,2026-03-21 18:25:46.371167
881,Laptop,Chennai,19283,2026-03-13 18:25:46.371167
882,Headphones,Delhi,33782,2026-02-26 18:25:46.371167
883,Headphones,Chennai,32836,2026-02-24 18:25:46.371167
884,Laptop,Mumbai,44457,2026-03-19 18:25:46.371167
885,Headphones,Mumbai,46136,2026-03-05 18:25:46.371167
886,Phone,Delhi,47985,2026-03-11 18:25:46.371167
887,Phone,Chennai,33441,2026-03-12 18:25:46.371167
888,Tablet,Delhi,20531,2026-03-21 18:25:46.371167
889,Phone,Chennai,12403,2026-03-23 18:25:46.371167
890,Tablet,Chennai,24888,2026-02-22 18:25:46.371167
891,Headphones,Chennai,19759,2026-03-23 18:25:46.371167
892,Tablet,Delhi,17986,2026-03-04 18:25:46.371167
893,Tablet,Mumbai,4836,2026-03-15 18:25:46.371167
894,Tablet,Bangalore,44701,2026-03-17 18:25:46.371167
895,Tablet,Delhi,37295,2026-03-22 18:25:46.371167
896,Phone,Bangalore,37544,2026-03-03 18:25:46.371167
897,Headphones,Delhi,33697,2026-02-23 18:25:46.371167
898,Laptop,Delhi,3139,2026-03-16 18:25:46.371167
899,Headphones,Chennai,48622,2026-03-18 18:25:46.371167
900,Headphones,Bangalore,3893,2026-02-22 18:25:46.371167
901,Laptop,Chennai,41492,2026-03-21 18:25:46.372166
902,Laptop,Delhi,11308,2026-02-26 18:25:46.372166
903,Laptop,Bangalore,28296,2026-03-20 18:25:46.372166
904,Laptop,Bangalore,7539,2026-03-16 18:25:46.372166
905,Laptop,Chennai,2230,2026-03-07 18:25:46.372166
906,Tablet,Delhi,22641,2026-03-11 18:25:46.372166
907,Laptop,Delhi,33989,2026-03-11 18:25:46.372166
908,Tablet,Chennai,18159,2026-02-23 18:25:46.372166
909,Headphones,Bangalore,47026,2026-02-27 18:25:46.372166
910,Tablet,Bangalore,10947,2026-03-22 18:25:46.372166
911,Phone,Chennai,33269,2026-03-13 18:25:46.372166
912,Headphones,Mumbai,8704,2026-03-06 18:25:46.372166
913,Phone,Delhi,46140,2026-02-28 18:25:46.372166
914,Headphones,Delhi,7159,2026-03-06 18:25:46.372166
915,Laptop,Bangalore,45012,2026-03-13 18:25:46.372166
916,Headphones,Delhi,23117,2026-03-07 18:25:46.372166
917,Phone,Chennai,43885,2026-03-03 18:25:46.372166
918,Phone,Bangalore,20331,2026-03-13 18:25:46.372166
919,Laptop,Bangalore,27666,2026-03-22 18:25:46.372166
920,Headphones,Bangalore,42369,2026-03-19 18:25:46.372166
921,Phone,Bangalore,11946,2026-03-09 18:25:46.372166
922,Phone,Delhi,33293,2026-03-02 18:25:46.372166
923,Laptop,Chennai,1212,2026-03-14 18:25:46.372166
924,Laptop,Bangalore,37986,2026-03-07 18:25:46.372166
925,Phone,Delhi,9218,2026-03-24 18:25:46.372166
926,Laptop,Mumbai,25792,2026-03-01 18:25:46.372166
927,Headphones,Chennai,27238,2026-03-01 18:25:46.372166
928,Tablet,Delhi,7388,2026-02-27 18:25:46.372166
929,Phone,Mumbai,5716,2026-03-24 18:25:46.372166
930,Laptop,Chennai,46372,2026-03-01 18:25:46.372166
931,Phone,Chennai,14153,2026-02-23 18:25:46.372166
932,Headphones,Chennai,4157,2026-03-13 18:25:46.372166
933,Laptop,Chennai,11703,2026-03-16 18:25:46.372166
934,Tablet,Chennai,26768,2026-03-02 18:25:46.372166
935,Phone,Mumbai,23619,2026-03-15 18:25:46.372166
936,Headphones,Chennai,20809,2026-03-09 18:25:46.372166
937,Phone,Delhi,33261,2026-03-01 18:25:46.372166
938,Tablet,Chennai,1569,2026-03-06 18:25:46.372166
939,Headphones,Mumbai,41859,2026-03-23 18:25:46.372166
940,Phone,Chennai,41484,2026-03-13 18:25:46.372166
941,Laptop,Delhi,4972,2026-03-06 18:25:46.372166
942,Laptop,Chennai,27987,2026-03-07 18:25:46.372166
943,Laptop,Bangalore,38896,2026-03-02 18:25:46.372166
944,Phone,Delhi,18986,2026-03-16 18:25:46.372166
945,Phone,Delhi,48568,2026-03-21 18:25:46.372166
946,Tablet,Delhi,3050,2026-03-07 18:25:46.372166
947,Phone,Chennai,14675,2026-03-13 18:25:46.372166
948,Headphones,Mumbai,43839,2026-03-03 18:25:46.373168
949,Tablet,Chennai,28633,2026-02-27 18:25:46.373168
950,Laptop,Bangalore,44117,2026-03-15 18:25:46.373168
951,Laptop,Bangalore,49202,2026-03-04 18:25:46.373168
952,Phone,Chennai,20232,2026-03-02 18:25:46.373168
953,Tablet,Delhi,29882,2026-03-01 18:25:46.373168
954,Tablet,Delhi,1794,2026-03-10 18:25:46.373168
955,Laptop,Mumbai,33360,2026-02-28 18:25:46.373168
956,Tablet,Delhi,34095,2026-03-10 18:25:46.373168
957,Headphones,Delhi,27031,2026-03-16 18:25:46.373168
958,Tablet,Bangalore,39676,2026-03-03 18:25:46.373168
959,Phone,Mumbai,32495,2026-02-25 18:25:46.373168
960,Tablet,Chennai,33168,2026-03-11 18:25:46.373168
961,Laptop,Delhi,23722,2026-03-14 18:25:46.373168
962,Phone,Delhi,28370,2026-03-24 18:25:46.373168
963,Laptop,Bangalore,31546,2026-03-08 18:25:46.373168
964,Headphones,Mumbai,6547,2026-03-12 18:25:46.373168
965,Laptop,Delhi,28024,2026-03-04 18:25:46.373168
966,Laptop,Delhi,25151,2026-03-23 18:25:46.373168
967,Headphones,Chennai,29045,2026-03-14 18:25:46.373168
968,Tablet,Mumbai,46519,2026-03-21 18:25:46.373168
969,Headphones,Mumbai,47293,2026-03-24 18:25:46.373168
970,Headphones,Chennai,49764,2026-03-10 18:25:46.373168
971,Tablet,Chennai,24373,2026-03-11 18:25:46.373168
972,Tablet,Bangalore,12600,2026-03-23 18:25:46.373168
973,Phone,Delhi,17879,2026-03-12 18:25:46.373168
974,Laptop,Bangalore,35811,2026-03-24 18:25:46.373168
975,Headphones,Bangalore,4602,2026-03-02 18:25:46.373168
976,Headphones,Delhi,18650,2026-02-27 18:25:46.373168
977,Phone,Mumbai,34092,2026-03-17 18:25:46.373168
978,Phone,Mumbai,46225,2026-03-23 18:25:46.373168
979,Phone,Mumbai,34962,2026-03-20 18:25:46.373168
980,Headphones,Bangalore,9045,2026-03-19 18:25:46.373168
981,Phone,Delhi,43221,2026-03-02 18:25:46.373168
982,Headphones,Bangalore,19702,2026-03-18 18:25:46.373168
983,Laptop,Bangalore,32572,2026-03-18 18:25:46.373168
984,Tablet,Mumbai,9717,2026-03-12 18:25:46.373168
985,Tablet,Bangalore,42330,2026-03-16 18:25:46.373168
986,Laptop,Delhi,40630,2026-03-16 18:25:46.373168
987,Phone,Chennai,29851,2026-03-19 18:25:46.373168
988,Headphones,Mumbai,2916,2026-02-25 18:25:46.373168
989,Laptop,Mumbai,20425,2026-03-09 18:25:46.373168
990,Phone,Bangalore,22701,2026-03-15 18:25:46.373168
991,Laptop,Bangalore,16288,2026-03-24 18:25:46.373168
992,Laptop,Delhi,24104,2026-03-12 18:25:46.373168
993,Headphones,Bangalore,27709,2026-03-03 18:25:46.373168
994,Phone,Mumbai,2572,2026-03-10 18:25:46.374165
995,Phone,Bangalore,21855,2026-03-16 18:25:46.374165
996,Tablet,Mumbai,46613,2026-03-13 18:25:46.374165
997,Tablet,Chennai,22929,2026-03-20 18:25:46.374165
998,Laptop,Chennai,5503,2026-03-21 18:25:46.374165
999,Laptop,Mumbai,33033,2026-03-18 18:25:46.374165
